{"cameraMode":{"drawMode":0,"name":"Shaded","section":"Shading Mode"},"sceneLighting":false,"audioPlay":false,"sceneViewState":{"showFog":true,"showMaterialUpdate":false,"showSkybox":true,"showFlares":true,"showImageEffects":true,"showParticleSystems":true},"in2DMode":false,"pivot":{"x":-1.0960935354232789,"y":3.4250996112823488,"z":11.26310920715332},"rotation":{"x":-0.030304741114377977,"y":-0.006899399682879448,"z":0.00020499508536886424,"w":-0.9995259046554565},"size":10.59775161743164,"orthographic":false}